{
	"credit": "Made with Blockbench by VIKTORWOOD",
	"texture_size": [32, 32],
	"textures": {
		"1": "guncollection:item/gc_camo_team"
	},
	"elements": [
		{
			"from": [8.11081, 8.07929, 2.26261],
			"to": [8.41081, 8.27929, 2.56261],
			"rotation": {"angle": 45, "axis": "y", "origin": [10.99844, 8.56803, 5.96249]},
			"faces": {
				"north": {"uv": [10, 13, 16, 14.3], "rotation": 270, "texture": "#1"},
				"east": {"uv": [6, 13, 12, 14.3], "rotation": 270, "texture": "#1"},
				"south": {"uv": [10, 14.5, 16, 15.8], "rotation": 270, "texture": "#1"},
				"west": {"uv": [6, 14.5, 12, 15.8], "rotation": 90, "texture": "#1"},
				"up": {"uv": [12.5, 13.5, 13.8, 14.8], "rotation": 180, "texture": "#1"},
				"down": {"uv": [7.5, 13.5, 8.8, 14.8], "texture": "#1"}
			}
		},
		{
			"from": [9.81081, 7.97929, 4.86261],
			"to": [10.11081, 8.17929, 5.16261],
			"rotation": {"angle": 22.5, "axis": "y", "origin": [10.99844, 8.56803, 5.96249]},
			"faces": {
				"north": {"uv": [10, 13, 16, 14.3], "rotation": 270, "texture": "#1"},
				"east": {"uv": [6, 13, 12, 14.3], "rotation": 270, "texture": "#1"},
				"south": {"uv": [10, 14.5, 16, 15.8], "rotation": 270, "texture": "#1"},
				"west": {"uv": [6, 14.5, 12, 15.8], "rotation": 90, "texture": "#1"},
				"up": {"uv": [12.5, 13.5, 13.8, 14.8], "rotation": 180, "texture": "#1"},
				"down": {"uv": [7.5, 13.5, 8.8, 14.8], "texture": "#1"}
			}
		},
		{
			"from": [8.81081, 7.97929, 3.76261],
			"to": [9.11081, 8.17929, 4.06261],
			"rotation": {"angle": 22.5, "axis": "y", "origin": [10.99844, 8.56803, 5.96249]},
			"faces": {
				"north": {"uv": [10, 13, 16, 14.3], "rotation": 270, "texture": "#1"},
				"east": {"uv": [6, 13, 12, 14.3], "rotation": 270, "texture": "#1"},
				"south": {"uv": [10, 14.5, 16, 15.8], "rotation": 270, "texture": "#1"},
				"west": {"uv": [6, 14.5, 12, 15.8], "rotation": 90, "texture": "#1"},
				"up": {"uv": [12.5, 13.5, 13.8, 14.8], "rotation": 180, "texture": "#1"},
				"down": {"uv": [7.5, 13.5, 8.8, 14.8], "texture": "#1"}
			}
		},
		{
			"from": [8.22534, 7.97929, 4.09931],
			"to": [8.52534, 8.17929, 4.39931],
			"rotation": {"angle": -45, "axis": "y", "origin": [8.70388, 8.07929, 5.21325]},
			"faces": {
				"north": {"uv": [10, 13, 16, 14.3], "rotation": 270, "texture": "#1"},
				"east": {"uv": [6, 13, 12, 14.3], "rotation": 270, "texture": "#1"},
				"south": {"uv": [10, 14.5, 16, 15.8], "rotation": 270, "texture": "#1"},
				"west": {"uv": [6, 14.5, 12, 15.8], "rotation": 90, "texture": "#1"},
				"up": {"uv": [12.5, 13.5, 13.8, 14.8], "rotation": 180, "texture": "#1"},
				"down": {"uv": [7.5, 13.5, 8.8, 14.8], "texture": "#1"}
			}
		},
		{
			"from": [9.22534, 7.97929, 5.19931],
			"to": [9.52534, 8.17929, 5.49931],
			"rotation": {"angle": -45, "axis": "y", "origin": [8.70388, 8.07929, 5.21325]},
			"faces": {
				"north": {"uv": [10, 13, 16, 14.3], "rotation": 270, "texture": "#1"},
				"east": {"uv": [6, 13, 12, 14.3], "rotation": 270, "texture": "#1"},
				"south": {"uv": [10, 14.5, 16, 15.8], "rotation": 270, "texture": "#1"},
				"west": {"uv": [6, 14.5, 12, 15.8], "rotation": 90, "texture": "#1"},
				"up": {"uv": [12.5, 13.5, 13.8, 14.8], "rotation": 180, "texture": "#1"},
				"down": {"uv": [7.5, 13.5, 8.8, 14.8], "texture": "#1"}
			}
		},
		{
			"from": [8.70906, 7.97929, 4.99765],
			"to": [9.00906, 8.17929, 5.29765],
			"rotation": {"angle": 0, "axis": "y", "origin": [9.37938, 8.07929, 5.04179]},
			"faces": {
				"north": {"uv": [6, 14.5, 12, 15.8], "rotation": 90, "texture": "#1"},
				"east": {"uv": [10, 13, 16, 14.3], "rotation": 270, "texture": "#1"},
				"south": {"uv": [6, 13, 12, 14.3], "rotation": 270, "texture": "#1"},
				"west": {"uv": [10, 14.5, 16, 15.8], "rotation": 270, "texture": "#1"},
				"up": {"uv": [12.5, 13.5, 13.8, 14.8], "rotation": 270, "texture": "#1"},
				"down": {"uv": [7.5, 13.5, 8.8, 14.8], "rotation": 270, "texture": "#1"}
			}
		},
		{
			"from": [8.91433, 7.97929, 4.15684],
			"to": [9.21433, 8.17929, 4.45684],
			"rotation": {"angle": 22.5, "axis": "y", "origin": [9.37938, 8.07929, 5.04179]},
			"faces": {
				"north": {"uv": [10, 14.5, 16, 15.8], "rotation": 270, "texture": "#1"},
				"east": {"uv": [6, 14.5, 12, 15.8], "rotation": 90, "texture": "#1"},
				"south": {"uv": [10, 13, 16, 14.3], "rotation": 270, "texture": "#1"},
				"west": {"uv": [6, 13, 12, 14.3], "rotation": 270, "texture": "#1"},
				"up": {"uv": [12.5, 13.5, 13.8, 14.8], "texture": "#1"},
				"down": {"uv": [7.5, 13.5, 8.8, 14.8], "rotation": 180, "texture": "#1"}
			}
		},
		{
			"from": [9.91433, 7.97929, 5.25684],
			"to": [10.21433, 8.17929, 5.55684],
			"rotation": {"angle": 22.5, "axis": "y", "origin": [9.37938, 8.07929, 5.04179]},
			"faces": {
				"north": {"uv": [10, 14.5, 16, 15.8], "rotation": 270, "texture": "#1"},
				"east": {"uv": [6, 14.5, 12, 15.8], "rotation": 90, "texture": "#1"},
				"south": {"uv": [10, 13, 16, 14.3], "rotation": 270, "texture": "#1"},
				"west": {"uv": [6, 13, 12, 14.3], "rotation": 270, "texture": "#1"},
				"up": {"uv": [12.5, 13.5, 13.8, 14.8], "texture": "#1"},
				"down": {"uv": [7.5, 13.5, 8.8, 14.8], "rotation": 180, "texture": "#1"}
			}
		},
		{
			"from": [8.39956, 7.97929, 4.51093],
			"to": [8.89956, 8.07929, 5.01093],
			"rotation": {"angle": 22.5, "axis": "y", "origin": [8.24956, 8.02929, 7.56093]},
			"faces": {
				"north": {"uv": [6, 13, 12, 14.3], "rotation": 270, "texture": "#1"},
				"east": {"uv": [10, 14.5, 16, 15.8], "rotation": 270, "texture": "#1"},
				"south": {"uv": [6, 14.5, 12, 15.8], "rotation": 90, "texture": "#1"},
				"west": {"uv": [10, 13, 16, 14.3], "rotation": 270, "texture": "#1"},
				"up": {"uv": [12.5, 13.5, 13.8, 14.8], "rotation": 90, "texture": "#1"},
				"down": {"uv": [7.5, 13.5, 8.8, 14.8], "rotation": 90, "texture": "#1"}
			}
		},
		{
			"from": [10.99956, 7.97929, 6.71093],
			"to": [11.49956, 8.07929, 7.21093],
			"rotation": {"angle": 22.5, "axis": "y", "origin": [10.84956, 8.02929, 9.76093]},
			"faces": {
				"north": {"uv": [6, 13, 12, 14.3], "rotation": 270, "texture": "#1"},
				"east": {"uv": [10, 10, 16, 11.3], "rotation": 270, "texture": "#1"},
				"south": {"uv": [6, 10, 12, 11.3], "rotation": 90, "texture": "#1"},
				"west": {"uv": [10, 8.5, 16, 9.8], "rotation": 270, "texture": "#1"},
				"up": {"uv": [12.5, 9, 13.8, 10.3], "rotation": 90, "texture": "#1"},
				"down": {"uv": [7.5, 9, 8.8, 10.3], "rotation": 90, "texture": "#1"}
			}
		},
		{
			"from": [7.29759, 8.07929, 4.571],
			"to": [7.79759, 8.17929, 5.071],
			"rotation": {"angle": 0, "axis": "y", "origin": [7.54759, 8.12929, 4.821]},
			"faces": {
				"north": {"uv": [6, 13, 12, 14.3], "rotation": 270, "texture": "#1"},
				"east": {"uv": [10, 14.5, 16, 15.8], "rotation": 270, "texture": "#1"},
				"south": {"uv": [6, 14.5, 12, 15.8], "rotation": 90, "texture": "#1"},
				"west": {"uv": [10, 13, 16, 14.3], "rotation": 270, "texture": "#1"},
				"up": {"uv": [12.5, 13.5, 13.8, 14.8], "rotation": 90, "texture": "#1"},
				"down": {"uv": [7.5, 13.5, 8.8, 14.8], "rotation": 90, "texture": "#1"}
			}
		},
		{
			"from": [7.29759, 8.17929, 4.571],
			"to": [7.79759, 8.27929, 5.071],
			"rotation": {"angle": 22.5, "axis": "y", "origin": [7.54759, 8.12929, 4.821]},
			"faces": {
				"north": {"uv": [6, 13, 12, 14.3], "rotation": 270, "texture": "#1"},
				"east": {"uv": [10, 14.5, 16, 15.8], "rotation": 270, "texture": "#1"},
				"south": {"uv": [6, 14.5, 12, 15.8], "rotation": 90, "texture": "#1"},
				"west": {"uv": [10, 13, 16, 14.3], "rotation": 270, "texture": "#1"},
				"up": {"uv": [12.5, 13.5, 13.8, 14.8], "rotation": 90, "texture": "#1"},
				"down": {"uv": [7.5, 13.5, 8.8, 14.8], "rotation": 90, "texture": "#1"}
			}
		},
		{
			"from": [6.19759, 7.97929, 4.671],
			"to": [6.69759, 8.07929, 5.171],
			"rotation": {"angle": 22.5, "axis": "y", "origin": [7.54759, 8.12929, 4.821]},
			"faces": {
				"north": {"uv": [6, 13, 12, 14.3], "rotation": 270, "texture": "#1"},